Subunits,Interaction
SR4,-0.1648
CDR5A,-0.58582
IY,-0.38238
SCR9,-0.63462
ScA8,-0.5224
CDR5B,1.388293
CMK,-0.80618
SCR10,-0.3518
SCT,0.405431
UKZ19,0.648682
CDM,-0.21359
E2U,-0.26512
CW,-0.61914
